"name","tokenId","expiryDate","registrationDate","owner","currentPrice","currentPriceSymbol","lastSale","lastSaleDate","lastSaleSymbol"
"spunonm","69023918364755740211157965272291360581883314339523759618615876479257147152795",1692584867000,1661048867000,"0xed38577e5ec072d9e38e71c98f41b6b67fe968fb",0,"",,,
"dirtysexonm","95443967114770535849333608326159404048213626033536008143054920498649394643941",1692940718000,1661383766000,"0xed38577e5ec072d9e38e71c98f41b6b67fe968fb",0,"",,,
"amateurslutsonm","21008080422722131368872974196954999137080012032247698842946176861024152045108",1724566184000,1661452280000,"0xed38577e5ec072d9e38e71c98f41b6b67fe968fb",0,"",,,
"hrnyonm","14218555497855922226488573931692352227034919378966380695936902333868253314720",1693070221000,1661534221000,"0xed38577e5ec072d9e38e71c98f41b6b67fe968fb",0,"",,,
"☁☁🔥☁☁","51522180914219007097023565569026503237408836085053698857703913192362226675808",1693374204000,1661838204000,"0xed38577e5ec072d9e38e71c98f41b6b67fe968fb",0,"",,,
"☁🔥🔮🎱🧊","59429097191520333489345096420427853967068595878301454121932726453141587017868",1693376528000,1661840528000,"0xed38577e5ec072d9e38e71c98f41b6b67fe968fb",0,"",,,
"☁☁🔮☁☁","46052322805537778292774580610227440245400365590326927445783424562256964885821",1693785203000,1662228251000,"0xed38577e5ec072d9e38e71c98f41b6b67fe968fb",0,"",,,
"☁☁🧊☁☁","59662421679665538242042498331861312253971305047306036038564860908187659810305",1694275812000,1662739812000,"0xed38577e5ec072d9e38e71c98f41b6b67fe968fb",0,"",,,
"💯nft💯","20906889476013880171073878641710655201371170406045716382610240547713418443053",1694821127000,1663285127000,"0xed38577e5ec072d9e38e71c98f41b6b67fe968fb",0,"",,,
"040684","60313133911794547389569402062495570261500643784786855564434439498117568345043",1694821391000,1663285391000,"0xed38577e5ec072d9e38e71c98f41b6b67fe968fb",0,"",,,
"desi999","60842748042640420460223154665795073396733419657247259194957863380071550962055",1694999207000,1663463207000,"0xed38577e5ec072d9e38e71c98f41b6b67fe968fb",0,"",,,
"therockyhorrorpictureshow","56394412680084459189776670501444745036472676953937613406835461120093078930703",1695263147000,1663727147000,"0xed38577e5ec072d9e38e71c98f41b6b67fe968fb",0,"",,,
"120290","23944743009262248490221912367994249627742759898307771514664311791297948664567",1701301463000,1669744511000,"0xed38577e5ec072d9e38e71c98f41b6b67fe968fb",0,"",,,
"bigblackbull","26553070416225257570466127558947424461756691614221173455621631108941798139475",1701301463000,1669744511000,"0xed38577e5ec072d9e38e71c98f41b6b67fe968fb",0,"",,,
"unicornslut","84745065356930422025815747123015372379163218980684785902340388663418197037639",1701301463000,1669744511000,"0xed38577e5ec072d9e38e71c98f41b6b67fe968fb",0,"",,,
"helter-skelter","27609842180348515324791242547423000997144253185148299289284584594232584824279",1702531607000,1670974655000,"0xed38577e5ec072d9e38e71c98f41b6b67fe968fb",0,"",,,
"📌-🍍-🍎-📌","81089981271731102169634985997214435529666150260748807594361113327667082034903",1702854935000,1671297983000,"0xed38577e5ec072d9e38e71c98f41b6b67fe968fb",0,"",,,
"🖊-🍍-🍎-🖊","88049603371689015983872358460441082701527946256405867517672645720819511252982",1702858571000,1671301619000,"0xed38577e5ec072d9e38e71c98f41b6b67fe968fb",0,"",,,
"thejackattack","62679526055541092114045990211958589760084718041331957052926779193531862309136",1692135704000,1660599704000,"0xed38577e5ec072d9e38e71c98f41b6b67fe968fb",,,,,